empresas_on;principal_acionista;capital_estatal;sede_brasil;ativo_total;patrimonio_liquido;receita_operacional_liquida;lucro_liquido;prejuizo_dummy;ativo_circulante;ativo_nao_circulante;passivo_circulante;passivo_nao_circulante;valor_de_mercado;retorno;divida_total_liquida;metodo_contabil_ifrs;"setor
economatica";setor;acao_fechamento;capital_giro
P.Acucar-Cbd;Wilkes Participacoes S/A;0;1;41956000;10019000;45980000;-446000;1;19918000;22038000;22328000;6992000;14317593;NA;5984000;1;NA;1;NA;-2410000
B2W Digital;Lojas Americanas S.A.;0;1;9718122;3171371;5576650;-383607;1;4501586;5216536;2788773;3757837;3677706.25;-2.18181824684143;2748806;1;NA;1;10.7600002288818;1712813
BR Pharma;BTG Pactual Stigma Llc - Banco BTG Pactual SA;0;1;1882372;626545;1268450;-312132;1;363576;1518796;685704;570123;712411.125;1.44927537441254;533162;1;NA;1;6.30000019073486;-322128
Viavarejo;Cia Brasileira de Distribuicao;0;1;14182000;4141000;13154000;-170000;1;8469000;5713000;7497000;2544000;3789390;2;1710000;1;NA;1;3.5699999332428;972000
Lojas Marisa;Coronation Fund Managers;0;1;2723300;1025169;2019106;-82005;1;1694999;1028301;814068;884063;1355131;0.60606062412262;532475;1;NA;1;6.6399998664856;880931
Dufry Ag;Travel Retail Investments Sca;0;0;34361876;9945668;21098200;-53095;1;7761913;26599962;6590802;17162488;22224542;-0.231347605586052;11964408;1;NA;1;414;1171111
Lojas Americ;S-Velame Adm. de Rec. e Part. S/A;0;1;19038656;1631085;11842315;-43915;1;10065076;8973579;6555351;9656105;21485250;-0.682852804660797;8183551;1;NA;1;13.0900001525879;3509725
Wlm Ind Com;Sajutha-Rio Participacoes S/A;0;1;495914;426713;308580;-12569;1;158601;337313;32574;36118;132748.71875;NA;-35754;1;NA;1;NA;126027
Imc S/A;Semolina FIP;0;1;1561247;1108562;1177442;-11304;1;383462;1177785;233842;208707;906132.625;2.78293132781982;-73020;1;NA;1;5.53999996185303;149620
Profarma;Bmk Participacoes S/A;0;1;2256051;797602;2991466;-10317;1;1565975;690076;950530;507919;606451.0625;-1.14107882976532;389246;1;NA;1;9.52999973297119;615445
Vitalyze.Me;Metropolis Capital Markets Gmbh;0;1;2366;-3025;0;-609;1;633;1733;1687;3704;31157.5;-2.8301887512207;-22;1;NA;1;1.02999997138977;-1054
Lojas Hering;Edda Elisa Steinbach;0;1;52752;18422;2239;240;0;2383;50369;272;34058;NA;NA;-1726;1;NA;1;NA;2111
Minasmaquinas;Bebece - Planejamento, Consultoria e Empreendimentos Ltda.;0;1;145077;110658;150725;9067;0;122287;22790;34419;0;NA;NA;-52196;1;NA;1;NA;87868
Battistella;Alianca Bat. A.P. e Adm. de Bens Lt;0;1;231563;37551;74380;18647;0;31180;200383;96852;97160;65059.44921875;NA;85056;1;NA;1;NA;-65672
Grazziotin;Vr Grazziotin S/A Adm Particip;0;1;630116.6875;476231.1875;288144.4375;36478.234375;0;338849.40625;291267.28125;81953.75;71931.46875;390447.65625;-0.0558971501886845;-142926.390625;1;NA;1;17.8799991607666;256895.65625
Dimed;Julio Ricardo Andrighetto Mottin;0;1;756970;372042;1559432;37649;0;531056;225914;313829;71099;1951695.625;2.22954535484314;88613;1;NA;1;449.809997558594;217227
Magaz Luiza;Ltd Administracao e Participacoes S.A.;0;1;5200333;696308;6669470;40496;0;3010297;2190036;2940403;1563622;2077171.5;0.594059407711029;952689;1;NA;1;96.5199966430664;69894
Natura;Lisis Participacoes S/A;0;1;7947714;910994;5617952;94913;0;4436879;3510835;4280732;2709266;11532094;-0.0745712146162987;2254915;1;NA;1;26.7999992370605;156147
Lojas Renner;Trowe Price Associates, Inc (Gestor/Administrador - Vide Item 15.7 Abaixo);0;1;5674332;2366123;4340777;325227;0;3356909;2317423;2384018;924191;14726861;0;1172365;1;NA;1;22.9300003051758;972891
RaiaDrogasil;Carlos Pires Oliveira Dias;0;1;5319851;2812472;8199568;361126;0;3156067;2163784;2011120;470315;21736236;0.151745066046715;104257;1;NA;1;66;1144947
PDG Realt;Vinci Equities Gestora de Recursos Ltda;0;1;7245677;-932681;175365;-2868026;1;3530780;3714897;4733974;3350149;84118.3203125;-2.28571438789368;2870491;1;NA;1;1.71000003814697;-1203194
Rossi Resid;Vinci Equities Gestora de Recursos Ltda;0;1;4996900;801434;367387;-427447;1;2146177;2850723;2636233;1516710;53728.4296875;1.58227849006653;1926452;1;NA;1;3.21000003814697;-490056
Mendes Jr;Edificadora S/A;0;1;9386501;2463196;3279;-395324;1;7816;9378685;972951;5950354;52306.28125;NA;3535331;1;NA;1;NA;-965135
Viver;Paladin Prime Res Inv (Brazil), Llc - Banco UBS Pactual SA;0;1;1085060;-428732;-13717;-244945;1;808873;276187;1261918;251874;6650.6201171875;-7.28155326843262;1039193;1;NA;1;1.9099999666214;-453045
Joao Fortes;Fundo de Investimento em Participacoes da Serra;0;1;2793493;726120;215024;-243588;1;2088938;704555;1202209;879914;628376.5;NA;1162724;1;NA;1;NA;886729
Tecnisa;Jar Participacoes Ltda;0;1;3508156;1669702;263281;-197445;1;1945710;1562446;1224890;584211;593495;0;1061235;1;NA;1;2.17000007629395;720820
Gafisa;Polo Capital Gestao de Recursos Ltda;0;1;6353318;2926451;1417685;-164288;1;4138994;2214324;1964444;1460125;746005.25;0.490196079015732;1440113;1;NA;1;2.04999995231628;2174550
JHSF Part;JHSF Par S/A;0;1;5745669;2461862;305094;-47049;1;2042807;3702862;1163575;2098456;818792.0625;4;1588618;1;NA;1;1.55999994277954;879232
Azevedo;Bonsucex Holding Ltda;0;1;145859;23374;113668;-22209;1;81135;64724;64001;58465;42660;NA;9841;1;NA;1;NA;17134
BR Home;Lahig Holding S.A.;0;1;330254;17548;498199;-21684;1;206128;124126;268495;44211;NA;NA;71747;1;NA;1;NA;-62367
Helbor;Helio Borenstein S/A Adm. Part. e C;0;1;5403848;1363287;702933;-20198;1;4153243;1250605;1616166;1933426;370312.125;1.37931036949158;1988680;1;NA;1;1.47000002861023;2537077
Rodobensimob;Gv Holding S/A;0;1;1734093;789893;309881;-20079;1;1061081;673012;462817;459047;219382.796875;0.970873773097992;407334;1;NA;1;5.19999980926514;598264
Lix da Cunha;Felix Administr. e Participacoes S.A.;0;1;295252;29680;293;-14528;1;286804;8448;208266;62000;21942.890625;NA;10186;1;NA;1;1.80999994277954;78538
Sultepa;Sultepa Participacoes Ltda;0;1;1208528;207528;8078;-4550;1;63156;1145372;364714;634149;NA;NA;199108;1;NA;1;NA;-301558
Cr2;Itau-Unibanco S.A.;0;1;282761;232438;13470;-3626;1;148192;134569;24380;7485;61522.6875;5.83333349227905;-24329;1;NA;1;1.26999998092651;123812
Trisul;Trisul Participacoes S/A;0;1;888756;502819;230969;623;0;628450;260306;230892;134959;211821.796875;NA;183945;1;NA;1;NA;397558
Const A Lind;Ldi Desenvolvimento Imobiliario S.A;0;1;60240;33349;20713;6480;0;17075;43165;18381;16240;NA;NA;-916;1;NA;1;NA;-1306
Even;Nova Milao Investimentos;0;1;4966150;2153008;1348933;27932;0;3702099;1264051;1119053;1412321;857593.1875;-1.02827763557434;1381836;1;NA;1;3.84999990463257;2583046
Direcional;Filadelphia Participacoes S.A.;0;1;4110952;1658894;1103525;52949;0;2545955;1564997;759766;1541785;636424.3125;-2.02702713012695;336723;1;NA;1;4.34999990463257;1786189
Cyrela Realt;Elie Horn;0;1;12079418;6016677;2276546;120419;0;8202158;3877260;2647937;2674950;3358220.75;-2.86975717544556;1966409;1;NA;1;8.80000019073486;5554221
Eztec;Ez Participacoes Ltda;0;1;3381578;2813467;420790;161175;0;2124923;1256655;369828;197529;2357875.5;0.704721629619598;-218870;1;NA;1;14.289999961853;1755095
MRV;Rubens Menin Teixeira de Souza;0;1;11822833;5172938;3182515;415455;0;6813128;5009705;3103444;3282428;5056839.5;-0.950734674930573;444231;1;NA;1;11.460000038147;3709684
Bardella;Cb Holding SA;0;1;841534;298964;163367;-27416;1;407348;434186;382662;159908;64000;NA;184790;1;NA;1;NA;24686
Inds Romi;Fenix Empreendimentos S/A;0;1;1146058;625716;433185;-19463;1;666283;479775;279804;239023;183544.328125;-1.01694917678833;208632;1;NA;1;2.92000007629395;386479
Nordon Met;Elizabeth do Rocio Freitas;0;1;14883;-123031;0;-4020;1;510;14373;51035;86879;NA;NA;29140;1;NA;1;NA;-50525
Metalfrio;Marcelo Faria de Lima;0;1;1058510;107789;793277;22101;0;662040;396470;475312;432803;100409.6328125;1.875;330106;1;NA;1;1.62999999523163;186728
Weg;Weg Participacoes e Servicos S.A.;0;1;13634825;5851970;6989677;794436;0;9182023;4452802;3021444;4650027;25554634;-0.689655184745789;18543;1;NA;1;15.8400001525879;6160579
Ecorodovias;Primav Infraestrutura S.A.;0;1;6904396;453693;2083469;-1053364;1;1519888;5384508;2061506;4323260;4440598.5;1.26903557777405;4119754;1;NA;1;7.98000001907349;-541618
Invepar;BB Carteira Livre I FIA;0;1;29465512;2181756;2986201;-868186;1;5064271;24401242;6133377;21721040;NA;NA;10731628;1;NA;1;NA;-1069106
Rumo Log;Cosan Logistica S.A.;0;1;23108676;5842487;3999922;-282574;1;2457009;20651666;3152840;13846335;8301898.5;3.50584316253662;6625636;1;NA;1;6.19999980926514;-695831
Rumo Log;Cosan Logistica S.A.;0;1;23108676;5842487;3999922;-282574;1;2457009;20651666;3152840;13846335;8301898.5;3.50584316253662;6625636;1;NA;1;6.19999980926514;-695831
Triunfo Part;Triunfo Holding de Part. Ltda;0;1;5136828;1167659;1142697;-124497;1;267896;4868932;2516768;1310823;602069.3125;15.6666669845581;2586223;1;NA;1;3.47000002861023;-2248872
Cosan Log;Cosan Limited;0;1;23116488;1661349;3999922;-76814;1;2462462;20654026;3156733;13846335;1717520.75;1.07526886463165;8010709;1;NA;1;4.69999980926514;-694271
JSL;Simpar S.A.;0;1;8975699;753350;4988354;-32735;1;3220717;5754982;2877349;5345000;1958126.5;-1.12244892120361;5204518;1;NA;1;9.6899995803833;343368
Santos Brp;International Markets Investments C.V.;0;1;1897732;1391951;622111;-19385;1;307320;1590412;281345;224436;1973241.5;-0.333333343267441;66042;1;NA;1;2.99000000953674;25975
Doc Imbituba;Cbp - Companhia Brasileira de Portos S.A;0;1;338909;62544;33;-1630;1;4466;334443;84028;400370;166433.171875;NA;13725;1;NA;1;5.01000022888184;-79562
Tegma;Sinimbu Participacoes Societarias e Empreendimentos S.A.;0;1;860516;365895;669369;1250;0;398950;461566;240793;253828;491235.96875;0;99815;1;NA;1;7.44999980926514;158157
Menezes Cort;Mercator Investment Fund Limited;0;1;127124;117021;36974;15793;0;8885;118239;9826;277;NA;NA;-3836;1;NA;1;NA;-941
Log-In;Alaska Investimentos;0;1;2226980;124968;619610;29080;0;830239;1396741;842878;1259057;52738.83984375;-2.22222232818604;1251401;1;NA;1;3.07999992370605;-12639
Conc Rio Ter;Inv e Part em Infra-Estrutura SA - Invepar;0;1;260666;178811;142324;30620;0;51536;209130;38235;43620;NA;NA;23972;1;NA;1;NA;13301
AGconcessoes;Andrade Gutierrez Participacoes S/A;0;1;2956843;2386750;70228;88268;0;280481;2676362;295807;274286;NA;NA;165059;1;NA;1;NA;-15326
Cvc Brasil;Btc Fundo de Investimento em Participacoes;0;1;3277489;605041;828371;121757;0;2645192;632297;2287471;281211;3162690.5;-2.41803288459778;252323;1;NA;1;23.8099994659424;357721
All Norte;All America Latina Logistica S/A;0;1;8615841;2166844;2142046;164540;0;2137425;6478416;1300762;5148235;NA;NA;3598638;1;NA;1;NA;836663
Arteris;Participes En Brasil S.A., Unipersonal;0;1;11141622;3754527;2914091;215819;0;1033451;10108171;3085895;4301200;NA;NA;5123340;1;NA;1;NA;-2052444
Wilson Sons;Ocean Wilsons Holdings Limited;0;0;3283181;1622382;1200735;245893;0;634789;2648392;411524;1246989;2472254;-3.44540143013;879401;1;NA;1;34.75;223265
Mrs Logist;Mineracoes Brasileiras Reunidas S.A.;0;1;7736793;3347891;2469568;363514;0;970528;6766265;1349916;3038986;2043400;NA;2660207;1;NA;1;6.01000022888184;-379388
CCR SA;Andrade Gutierrez Concessoes S.A.;0;1;23853494;4500797;7324995;1544381;0;4298073;19555420;6762448;12364975;27190042;2.66666674613953;12238634;1;NA;1;15.3999996185303;-2464375
Biosev;Sugar Holdings B.V.;0;1;9555720;-554051;3902223;-329610;1;3508354;6047366;4224766;5868604;1713101.25;0;5212454;1;NA;2;7.80000019073486;-716412
SLC Agricola;SLC Participacoes S/A;0;1;4971850;2326007;1030010;-82629;1;1895595;3076255;1409201;1060096;1385549.875;-0.764951348304749;1200730;1;NA;2;14.2700004577637;486394
Pomifrutas;Edgar Rafael Safdie;0;1;102024;-3163;37808;-14707;1;38027;63997;84344;20843;48962.19921875;NA;62976;1;NA;2;NA;-46317
Brasilagro;Cresud S.A.C.I.F Y A;0;1;852819;691543;43047;3022;0;275033;577786;118629;42647;548823.875;-0.695134043693542;-70333;1;NA;2;10;156404
Ctc S.A.;Raizen Energia SA;0;1;687301;439942;65697;10616;0;222718;464583;76603;170756;NA;NA;40109;1;NA;2;NA;146115
Agrenco;Agrenco Holding B.V.;0;0;585864;-1112628;0;98514;0;21659;564205;247379;1451113;NA;NA;1224288;1;NA;2;NA;-225720
Marfrig;Mms Participacoes S/A;0;1;21226928;1342846;14333230;-408549;1;10217425;11009504;8080298;11611527;3174713.75;-1.45631062984467;5895266;1;NA;2;6.09000015258789;2137127
JBS;Fb Participacoes S.A.;0;1;100445000;24070688;128749944;-317881;1;33170668;67274336;30969848;44223084;26502764;-1.01522839069366;48855220;1;NA;2;9.75;2200820
Minupar;Serra do Roncador Participacoes Ltda.;0;1;213306;-264058;149489;-10049;1;32601;180705;374215;103417;20235;-1.72413790225983;1916;1;NA;2;2.84999990463257;-341614
J B Duarte;Duagro S/A Adm e Partic;0;1;134439;35376;0;-694;1;39159;95280;22114;76949;2341.40600585938;2.22222232818604;12488;1;NA;2;2.29999995231628;17045
Excelsior;Seara Alimentos Ltda;0;1;62134;33672;97157;5235;0;33688;28446;23658;4804;43864.80078125;NA;-8827;1;NA;2;NA;10030
Fornodeminas;Mk Empreendimentos e Participacoes Ltda.;0;1;216046;84848;202447;19646;0;80001;136045;63879;67319;NA;NA;75803;1;NA;2;NA;16122
Josapar;Peroli S/A Participacoes;0;1;1610688;465635;840288;30114;0;1022277;588411;683602;297407;211640;NA;518442;1;NA;2;NA;338675
Oderich;Odepar S/A Part. e Neg.;0;1;390039;146086;288293;40033;0;240479;149560;159190;84763;NA;NA;127959;1;NA;2;NA;81289
BRF SA;Tarpon Investimentos S.A.;0;1;43126496;12385959;25142640;87741;0;19075276;24051222;13572057;16859680;42265816;0.0378214828670025;12043862;1;NA;2;52.9000015258789;5503219
Sao Martinho;Ljn Participacoes S.A.;0;1;7585462;2857696;1158420;108582;0;2382737;5202725;1540341;3187425;6247032;0.144170120358467;2638195;1;NA;2;55.5699996948242;842396
Minerva;Vdq Holdings S/A;0;1;8935569;633381;7092266;182655;0;5671492;3264077;2619588;5681196;2712475;3.06306314468384;3497373;1;NA;2;11.4399995803833;3051904
M.Diasbranco;Dibra Fundo de Inv. em Participacoes;0;1;5489769;4149053;3927294;548325;0;2206398;3283371;794513;546203;13331740;0.92386656999588;-123831;1;NA;2;117.980003356934;1411885
Cosan;Cosan Limited;0;1;29306304;8949196;5765284;857805;0;7649835;21656470;3581242;13268645;15467394;1.00876033306122;6034332;1;NA;2;38.0499992370605;4068593
Ambev S/A;Interbrew International B.V.;0;1;79110192;47431608;32425090;7874251;0;19990968;59119228;21877422;8068854;269562016;-1.6045845746994;-3350398;1;NA;2;17.1700000762939;-1886455
IGB S/A;Hag Participacoes S/A.;0;1;228585;-779886;6355;-66216;1;2534;226051;41998;966473;21883.69140625;0.574712634086609;848045;1;NA;2;1.75;-39464
Itautec;Itausa Invest Itau S.A.;0;1;138615;59685;6578;-11439;1;66144;72471;37015;41915;NA;NA;22283;1;NA;2;NA;29129
Springer;Otamar Empreend Imobil Partic Ltda;0;1;87793;70163;39257;2478;0;31106;56687;6807;3095;19729.46875;NA;-8610;1;NA;2;NA;24299
Positivo Inf;Helio Bruck Rotenberg;0;1;1783984;565593;1353896;7696;0;1393032;390952;1047627;170764;302769.125;2.01729106903076;169353;1;NA;2;3.53999996185303;345405
Brasmotor;Whirlpool do Brasil Ltda;0;1;1068210;1046317;0;81212;0;2541;1065669;1451;20442;2193879.75;NA;-917;1;NA;2;NA;1090
Whirlpool;Whirlpool do Brasil Ltda;0;1;6196102;2382938;6949289;193546;0;4019343;2176759;3296085;380636;4918046;NA;-430174;1;NA;2;NA;723258
Teka;Monte Claro Partic e Serv Ltda;0;1;912704;-1296850;119807;-121033;1;57928;854776;1893077;316428;3455.18994140625;NA;408047;1;NA;2;NA;-1835149
Coteminas;Encopar-Emp. Nac. Com. Cred. e Part;0;1;3256536;775873;1994966;-86949;1;1686035;1570501;1157659;736828;96809.7578125;NA;1065640;1;NA;2;NA;528376
Karsten;Kasavii Participacoes S.A.;0;1;318870;-184502;216043;-70988;1;182324;136546;450471;52901;20811.109375;NA;317070;1;NA;2;NA;-268147
Cedro;Cia Tecidos Norte Minas Coteminas;0;1;606175;132282;371676;-66868;1;225505;380670;248644;206014;49525.33203125;NA;224283;1;NA;2;NA;-23139
Tex Renaux;D & D Administradora de Bens Ltda;0;1;184826;-444892;66720;-64785;1;50923;133903;537763;91955;11371.5302734375;NA;287099;1;NA;2;NA;-486840
Le Lis Blanc;Marcio da Rocha Camargo;0;1;3080559;1697427;814042;-45830;1;711802;2368757;936232;446900;1179170.375;-2.4324324131012;749822;1;NA;2;3.60999989509583;-224430
Encorpar;Wembley Sociedade Anonima;0;1;253206;121848;0;-45265;1;1661;251545;24787;106571;NA;NA;37411;1;NA;2;NA;-23126
Wembley;Jose Alencar G Silva-Com Part Emp;0;1;3351412;212439;1287174;-33701;1;1663797;1687615;1155186;915697;NA;NA;1159402;1;NA;2;NA;508611
Springs;Cia Tecidos Norte Minas Coteminas;0;1;2641113;1007379;1737457;-32874;1;1449476;1191637;931403;696529;205000;0;906755;1;NA;2;4.09999990463257;518073
Buettner;Erpa Adm de Bens e Partic Ltda;0;1;211823;-124674;61728;-22181;1;22605;189218;202155;134342;NA;NA;87243;1;NA;2;NA;-179550
Cambuci;Roberto Estefano;0;1;237385;-17936;222899;-14756;1;150795;86590;214308;42385;18118.5;NA;131448;1;NA;2;NA;-63513
Schlosser;Henrique Brenner;0;1;102982;-175068;776;-13767;1;2588;100394;202861;75189;NA;NA;88466;1;NA;2;NA;-200273
Tecel S Jose;Encopar-Emp. Nac. Com. Cred. e Part;0;1;5470;-167101;0;-7783;1;3154;2316;171865;706;NA;NA;25084;1;NA;2;NA;-168711
Santanense;Oxford Comercio e Participacoes S/A;0;1;420764;245404;277408;-5171;1;216576;204188;149461;25899;65538.0234375;NA;107377;1;NA;2;NA;67115
Tec Blumenau;-;0;1;7570;-59024;0;-2281;1;96;7474;759;65835;NA;NA;56235;1;NA;2;NA;-663
Ind Cataguas;Delta-Agropecuaria e Part. Ltda;0;1;269347;150592;149971;4321;0;150674;118673;65297;54705;NA;NA;39853;1;NA;2;NA;85377
Pettenati;Gladium Administr e Participacoes;0;1;432557.03125;149347.078125;104364.6875;5183.73388671875;0;204600.734375;227956.296875;140659.859375;114338.96875;96573.4375;NA;73472.453125;1;NA;2;NA;63940.8671875
Dohler;Cesar Pereira Dohler;0;1;659352;506102;318237;10676;0;316937;342415;61840;91214;263245.59375;NA;-57421;1;NA;2;NA;255097
Vulcabras;Gianpega Neg. e Particip. Ltda;0;1;1155891;37654;827074;22140;0;677523;478368;699835;418181;427881.3125;-6.09756088256836;563963;1;NA;2;2.30999994277954;-22312
Guararapes;Nevaldo Rocha;0;1;7106066;3364046;4070453;65145;0;4136464;2969602;2633643;1108377;3753360;2.76613569259644;940317;1;NA;2;61.2999992370605;1502821
Arezzo Co;Anderson Lemos Birman;0;1;923068;654960;900240;80332;0;719074;203994;230221;37887;2446543.5;-2.37504434585571;-125806;1;NA;2;27.5400009155273;488853
Cia Hering;Gavea Investimentos;0;1;1543962;1236522;1043012;148468;0;1031703;512259;274160;33280;2791701.75;0.289017349481583;-270599;1;NA;2;17.3500003814697;757543
Alpargatas;J. & F. Participacoes S.A.;0;1;3690220;1955076;2988493;261350;0;2179017;1511203;994342;654823;4205326;0.57208240032196;121795;1;NA;2;8.78999996185303;1184675
Grendene;Alexandre G. Bartelle Part. S/A;0;1;3080260;2772930;1419160;387535;0;2292278;787982;249401;58130;5274629;-0.227531284093857;-1145049;1;NA;2;17.5400009155273;2042877
OSX Brasil;Centennial Ass Mining Fundo Llc;0;1;6906274;-3485823;126672;-911357;1;3283242;3623032;6435346;4113209;50053.8046875;1.92307686805725;8771865;1;NA;2;15.8999996185303;-3152104
Cobrasma;Sociple Participacoes S/C Ltda;0;1;161219;-7464413;5;-771065;1;3273;157946;5217;7805986;NA;NA;5950451;1;NA;2;NA;-1944
Plascar Part;Permali do Brasil Ind e Com Ltda;0;1;605189;-123191;261859;-189923;1;98978;506211;671175;57333;18886;-5;327239;1;NA;2;3.79999995231628;-572197
Embraer;Brandes Investment Partners LP;0;1;39606792;11973406;14733483;-62845;1;22796684;16810108;12508894;14815336;12009255;-3.76692175865173;3673194;1;NA;2;16.3500003814697;10287789
DHB;Trlg Participacoes Ltda.;0;1;232636;-456340;64976;-60520;1;68414;164222;571411;122576;NA;NA;452114;1;NA;2;NA;-502997
Wetzel S/A;Cws Participacoes S.A.;0;1;188474;-143673;99254;-21521;1;40746;147728;137968;195445;4507.02001953125;NA;69254;1;NA;2;NA;-97222
Randon Part;Dramd Particip e Administr Ltda;0;1;4779419;1466029;2001588;-18715;1;2905604;1873815;1127397;1708600;1193518.75;NA;637535;1;NA;2;NA;1778207
Riosulense;Joao Stramosk;0;1;171823;-65594;85538;-12801;1;34944;136879;153132;84285;NA;NA;30968;1;NA;2;NA;-118188
Recrusul;Triskelion Capital Consult e Gestao de Inv Estrategicos Ltda;0;1;35053;-112263;0;-8100;1;1081;33972;83253;64237;69167.7890625;NA;18903;1;NA;2;2.44000005722046;-82172
Tupy;Bndespar - BNDES Participacoes SA;0;1;4965407;2246590;2473571;-2471;1;2317042;2648365;928007;1790810;1681115.5;-2.01680684089661;714677;1;NA;2;11.6599998474121;1389035
Iochp-Maxion;Wpa Participacoes S.A;0;1;7018400;1825309;5137995;4683;0;2350119;4668281;2401347;2563380;1283942.375;-1.87725627422333;2767869;1;NA;2;13.5900001525879;-51228
Bic Monark;Monark Participacoes Ltda;0;1;214836;187657;13943;14479;0;186703;28133;8646;16319;126420.5;NA;-160827;1;NA;2;NA;178057
Schulz;Waldir Carlos Schulz;0;1;970010;457008;441755;24151;0;610025;359985;218200;294802;280331.03125;NA;79498;1;NA;2;NA;391825
Fras-Le;Randon Participacoes S/A;0;1;1206001;770868;617840;53211;0;789450;416551;242184;192084;873283.625;-0.245098039507866;-246691;1;NA;2;4.07000017166138;547266
Metal Leve;Mahle Industria e Comercio Ltda;0;1;2526701;1377814;1717378;167260;0;1083193;1443508;437591;726877;2575151.5;-3.87931036949158;278465;1;NA;2;20.0699996948242;645602
Marcopolo;Bellpart Participacoes Ltda;0;1;5173358;1912430;1756229;228779;0;3290023;1883335;1741831;1488802;2427066;-4.21940946578979;835282;1;NA;2;2.26999998092651;1548192
BR Insurance;Nat West Bk Plc As Dep Of M&G G Leader F As F Of F M&G Inv F 1;0;1;439802;393317;103329;-44299;1;89058;350744;30561;15007;157096.03125;-0.604370057582855;-49135;1;NA;3;21.3799991607666;58497
Betapart;Daniel Valente Dantas;0;1;1120;1119;0;-4;1;1120;0;1;0;NA;NA;-1021;1;NA;3;NA;1119
Tarpon Inv;Mangue Participacoes Ltda.;0;1;47018;43768;41364;843;0;46296;722;3250;0;275718.75;0.806451618671417;-37980;1;NA;3;6.25;43046
Seg Al Bahia;Adrecor Adm. Repres. Corr. Ltda;0;1;499089;210338;NA;45706;0;235313;263776;107646;181105;359424;NA;NA;1;NA;3;NA;NA
Parcorretora;Par Participacoes S.A.;0;1;202258;116924;293936;109369;0;139422;62836;69257;8726;2280273.75;-1.24653744697571;-105784;1;NA;3;14.2600002288818;70165
Sul America;Sulasapar Participacoes S/A;0;1;20985712;4883104;12072347;380601;0;15225134;5760577;8379777;7708806;6179668;NA;-11353849;1;NA;3;NA;6845357
Cetip;Ice Overseas Limited;0;1;3779161;1803231;1147043;422100;0;1422392;2356769;662023;1313907;11350895;1.06094551086426;150574;1;NA;3;43.6399993896484;760369
BmfBovespa;Capital World Investors - Cwi;0;1;27152596;18607048;1697128;518392;0;9067627;18084970;3497508;5038325;29474714;0.745910108089447;-6738857;1;NA;3;16.4899997711182;5570119
Porto Seguro;Porto Seguro Itau-Unibanco Particip. S.A;0;1;24264700;6981587;11986166;613986;0;16483511;7781188;13623195;3657658;9187987;-3.03650641441345;-7799959;1;NA;3;28.4200000762939;2860316
BBSeguridade;Banco do Brasil;0;1;11558815;8980686;NA;3032328;0;2596713;8962102;1429546;1148583;58161148;0.7609823346138;NA;1;NA;3;29.1299991607666;NA
Banco Pan;Banco BTG Pactual;0;1;27896154;3411562;NA;-237434;1;12446882;NA;18827898;NA;1272785;NA;NA;0;NA;3;NA;NA
Indusval;Wp X Brasil Fundo de Investimentos e Participacoes;0;1;3820118;522729;NA;-71568;1;2696117;NA;2318065;NA;196017.359375;NA;NA;0;NA;3;1.27999997138977;NA
Pine;Noberto Nogueira Pinheiro;0;1;8323046;1151977;NA;-5244;1;4127373;NA;4111482;NA;469648.5;NA;NA;0;NA;3;NA;NA
Merc Financ;Banco Mercantil do Brasil S.A.;0;1;962033;190450;NA;-2621;1;429549;NA;548237;NA;NA;NA;NA;0;NA;3;NA;NA
Finansinos;Cesaro Participacoes S.S. Ltda.;0;1;21065;17298;NA;-87;1;13946;NA;2204;NA;NA;NA;NA;0;NA;3;NA;NA
Merc Invest;Banco Mercantil do Brasil S.A.;0;1;273813;259450;NA;8228;0;47048;NA;5172;NA;106453.6796875;NA;NA;0;NA;3;NA;NA
Merc Brasil;Mb FIA Instituicoes Financeiras;0;1;11317604;712192;NA;18801;0;6608041;NA;3308074;NA;206605.546875;NA;NA;0;NA;3;NA;NA
Amazonia;Uniao Federal (Tesouro Nacional);1;1;13188064;1900869;NA;21485;0;4787398;NA;6798766;NA;887303.8125;-0.564784049987793;NA;0;NA;3;29.9300003051758;NA
Alfa Financ;Corumbal Participacoes e Administr. Ltda;0;1;4521745;801741;NA;28623;0;2654849;NA;2364006;NA;401254.71875;NA;NA;0;NA;3;NA;NA
Banese;Governo do Estado de Sergipe;1;1;4245452;317531;NA;40578;0;3145868;NA;2979051;NA;222856.609375;NA;NA;0;NA;3;NA;NA
Alfa Invest;Corumbal Participacoes e Administr. Ltda;0;1;12461949;1339877;NA;59553;0;9317039;NA;7073550;NA;434512.96875;-0.450450450181961;NA;0;NA;3;4.42000007629395;NA
Banpara;Estado do Para;1;1;5914057;774903;NA;108613;0;3484698;NA;4181521;NA;NA;NA;NA;0;NA;3;NA;NA
Banestes;Governo do Estado do Espirito Santo;1;1;23845220;1232831;NA;118352;0;14854477;NA;18988696;NA;828964.125;0;NA;0;NA;3;2.59999990463257;NA
BRB Banco;Governo do Distrito Federal;1;1;13972977;1204870;NA;152991;0;5734740;NA;7958022;NA;NA;NA;NA;0;NA;3;NA;NA
Nord Brasil;Uniao Federal (Tesouro Nacional);1;1;43567608;3025878;NA;172767;0;19698232;NA;15906076;NA;1937301.5;NA;NA;0;NA;3;22.4300003051758;NA
Banrisul;Estado do Rio Grande do Sul;1;1;67888144;6469209;NA;494643;0;32050014;NA;27222896;NA;4978638;-1.8706157207489;NA;0;NA;3;12.5900001525879;NA
Btgp Banco;BTG Pactual Holding S.A.;0;1;119028328;21314480;NA;2728798;0;81639288;NA;67730136;NA;NA;NA;NA;0;NA;3;NA;NA
Santander BR;Sterrebeeck BV;0;1;66185736;61320632;NA;3995629;0;419695008;NA;432268288;NA;108344720;0.214362278580666;NA;0;NA;3;18.7000007629395;NA
Brasil;Uniao Federal (Tesouro Nacional);1;1;1448211840;82364760;NA;7070276;0;833279552;NA;1024746304;NA;79588168;1.27522695064545;NA;0;NA;3;28.5799999237061;NA
Bradesco;Cidade de Deus Cia Cial de Participacoes;0;1;1185854720;98549888;NA;11491832;0;755750272;NA;785244288;NA;162218448;1.8616087436676;NA;0;NA;3;29;NA
ItauUnibanco;Iupar - Itau Unibanco Participacoes S.A.;0;1;1399099648;114714944;NA;16096598;0;965642368;NA;705244160;NA;216373120;0.0654022246599197;NA;0;NA;3;30.6000003814697;NA
Rjcp;Marcelo Impellizieri de Moraes Bastos;0;1;18122.29296875;17383.162109375;0;-841.340026855469;1;169.841995239258;17952.44921875;669.684997558594;69.4440002441406;NA;NA;20.9839992523193;1;NA;3;NA;-499.842987060547
Ccx Carvao;Eike Fuhrken Batista;0;1;45422;-24291;0;-297553;1;40317;5105;69806;0;27559.439453125;-0.613496959209442;-39606;1;NA;4;1.62000000476837;-29489
MMX Miner;Centennial Asset Mining Fund Llc - Itau Unibanco SA;0;1;206462;-917901;0;-31569;1;151281;55181;1052261;72199;46064.80078125;0.709219872951508;130881;1;NA;4;7.09999990463257;-900980
Magnesita SA;Alumina Holdings, Llc;0;1;6028575;1834917;2574586;138525;0;2210926;3817649;1295163;2863076;1235796.625;0.299017518758774;1779634;1;NA;4;23.4799995422363;915763
Litel;BB Carteira Ativa FIA;0;1;28622780;24502640;0;2344815;0;468497;28154282;432;4119707;NA;NA;-41508;1;NA;4;NA;468065
Vale;Valepar S.A.;0;1;331396960;128933632;69042256;11738180;0;63324416;268072560;35206728;160400176;137402832;7.5106463432312;84662080;1;NA;4;27.7700004577637;28117686
Eternit;Luiz Barsi Filho;0;1;871703;492167;636939;-8056;1;366829;504874;169658;209862;252306.8125;-0.704225361347198;118271;1;NA;4;1.4099999666214;197171
Portobello;Cesar Gomes Junior;0;1;1332718;241304;771252;-3114;1;625071;707647;417926;673466;377201.4375;1.27659571170807;479906;1;NA;4;2.38000011444092;207145
Chiarelli;Agro Pecuaria Pantanal S.A.;0;1;20350;-160477;0;-1;1;1104;19246;170588;10239;NA;NA;18088;1;NA;4;NA;-169484
Nadir Figuei;Cia Agricola Adm Com Ind Caaci;0;1;603806;285408;408840;6201;0;261100;342706;236786;77600;190377.578125;NA;156923;1;NA;4;NA;24314
Celul Irani;Irani Participacoes S/A;0;1;1700296;452270;583205;-5727;1;464104;1236192;396975;851041;474326.6875;0;721781;1;NA;4;2.89000010490417;67129
Melhor SP;Hdw Agro Pecuaria e Particip. Ltda;0;1;1662846;997179;486432;298797;0;286912;1375934;124910;540743;NA;NA;3453;1;NA;4;NA;162002
Fibria;Votorantim Investimentos Industriais S.A;0;1;32066628;14261528;7081010;1747103;0;6382746;25683884;3514323;14222826;16320774;4.24028253555298;10686629;1;NA;4;29.5;2868423
Klabin S/A;Klabin Irmaos & Cia;0;1;28223996;7329342;5126953;2373084;0;8974515;19249482;3776546;17118108;17198918;2.66666674613953;11473096;1;NA;4;5.3899998664856;5197969
Elekeiroz;Itausa Invest Itau S.A.;0;1;706724;414746;585099;-40319;1;262194;444530;112489;179489;130577.109375;NA;157009;1;NA;4;NA;149705
Fer Heringer;Heringer Participacoes Ltda;0;1;2974444;236760;3821786;-9254;1;1547515;1426929;2621653;116031;107714.5703125;-1.47783255577087;1122906;1;NA;4;2;-1074138
Nutriplant;Tripto Participacoes Ltda;0;1;82806;1134;23080;-2336;1;27990;54816;43890;37782;1920.06665039062;NA;11115;1;NA;4;NA;-15900
Ourofino S/A;Jardel Massari;0;1;777193;388033;358081;6921;0;411979;365214;172611;216529;1564521.125;0;220370;1;NA;4;29;239368
Bombril;Newco Internacional Limited;0;1;640230;-329103;821570;6974;0;258576;381654;554459;414874;112995.8515625;NA;121698;1;NA;4;NA;-295883
Nortcquimica;Alberto Ramy Mansur;0;1;147694;98506;107975;16127;0;88603;59091;30251;18937;NA;NA;-22556;1;NA;4;NA;58352
Cristal;Millennium Australind;0;1;557182;371684;356164;26450;0;398073;159109;116853;68645;123939.515625;NA;-29556;1;NA;4;NA;281220
Unipar;Vila Velha S/A Admin e Participacao;0;1;1706181;905045;680685;65873;0;434328;1271853;375429;425707;551902.5;NA;238070;1;NA;4;NA;58899
Ultrapar;Ultra S/A Participacoes;0;1;20710956;8394211;58267704;1126197;0;9843975;10866980;3679852;8605349;38159548;1.64978289604187;5848238;1;NA;4;70.2399978637695;6164123
Braskem;Odebrecht Servicos e Participacoes SA;0;1;53102820;5354827;36220544;2065342;0;16876342;36226480;13396773;35312196;20659080;0;14390766;1;NA;4;24.5;3479569
Sid Nacional;Vicunha Acos S.A.;0;1;45261316;8061981;12630353;-1031122;1;12127269;33134046;5406604;30671948;16272025;4.6247820854187;24895952;1;NA;4;11.9899997711182;6720665
Lupatech;JP Morgan Chase Bank;0;1;639039;-438248;107414;-476897;1;153613;485426;886941;190346;48378.24609375;1.17878186702728;320435;1;NA;4;5.15000009536743;-733328
Usiminas;Cia Siderurgica Nacional;0;1;26319026;13992267;6334056;-396343;1;6314895;20004132;1691103;9036294;8228960;1.42011833190918;4590927;1;NA;4;8.56999969482422;4623792
Paranapanema;Previ Cx Prev Funcs Bco Brasil;0;1;3720337;360610;3670346;-336035;1;1931010;1789327;2350135;1009592;520218.46875;-0.609756112098694;1355671;1;NA;4;1.62999999523163;-419125
Gerdau Met;Indac Ind. Adm. e Comercio S.A.;0;1;58798560;10041896;29032038;-135364;1;17919748;40878812;6281231;26313242;4645340;2.92792797088623;17262872;1;NA;4;4.57000017166138;11638516
Forja Taurus;CBC Participacoes S.A.;0;1;929511;-133234;606785;-44152;1;538394;391117;934609;128136;93406.40625;NA;464660;1;NA;4;NA;-396215
Mundial;Zhepar Particip Ltda;0;1;964410;-54038;310271;-36044;1;222116;742294;512378;506061;26753.58984375;-1.90909087657928;121314;1;NA;4;10.789999961853;-290262
Fibam;Renata Ricci Paperini;0;1;62436;-13449;42330;-19776;1;26356;36080;24164;51721;3484.80004882812;NA;23258;1;NA;4;NA;2192
Altus S/A;Hca Participacoes S.A.;0;1;139526;4020;34615;-16911;1;90691;48835;110259;25247;NA;NA;35150;1;NA;4;NA;-19568
Aliperti;Ciro Monico Alexandre Aliperti;0;1;411279;259213;25026;-14082;1;69010;342269;19705;132291;NA;NA;32535;1;NA;4;NA;49305
Kepler Weber;Previ Cx Prev Funcs Bco Brasil;0;1;761717;479811;324998;-10924;1;314120;447597;185367;96539;439410.40625;-1.93775689601898;-7865;1;NA;4;16.7000007629395;128753
Tekno;Eloisa Madeira Szanto;0;1;223415;195187;84051;-9599;1;102459;120956;20411;7817;88440;NA;-36335;1;NA;4;NA;82048
Metal Iguacu;Merisa S.A. Engenharia e Planej.;0;1;79048.6796875;-230.992004394531;112393.4140625;-7900.76513671875;1;29461.572265625;49587.109375;44273.7578125;35005.9140625;11101.82421875;NA;19104.830078125;1;NA;4;NA;-14812.185546875
Aco Altona;Werner S/A Agricultura e Comercio;0;1;248932;63171;89851;-7753;1;82696;166236;45536;140225;27000;NA;31131;1;NA;4;NA;37160
Ferbasa;Fundacao Jose Carvalho;0;1;1568629;1368399;813275;-2534;1;621168;947461;97599;97456;702813.75;NA;-196627;1;NA;4;NA;523569
Haga S/A;Portugal Clube de Investimentos;0;1;56746.4296875;-82293.5234375;20369.85546875;2549.21899414062;0;45584.3515625;11162.0791015625;25304.529296875;113735.4296875;31535;NA;18188.720703125;1;NA;4;NA;20279.822265625
Hercules;Hercules S/C de Part Ltda;0;1;8266;-335137;2082;3152;0;910;7356;7460;335943;2412.67700195312;NA;304639;1;NA;4;NA;-6550
Mangels Indl;Mangels S/A;0;1;376522;-275082;340106;8201;0;144984;231538;102758;548846;23653.337890625;NA;484805;1;NA;4;NA;42226
Metisa;Flavio Snell;0;1;330048.75;212697.265625;174654.375;10010.4912109375;0;242159.078125;87889.6875;108580.3359375;8771.166015625;93632.21875;NA;-38784.43359375;1;NA;4;NA;133578.734375
Panatlantica;L. P. Acos S.A.;0;1;733945;329636;514435;12735;0;517340;216605;222475;181833;285681;NA;33209;1;NA;4;NA;294865
Gerdau;Metalurgica Gerdau S/A;0;1;58712708;27582314;29032038;173627;0;17839248;40873456;6168286;24703476;21485000;3.2292788028717;15837161;1;NA;4;9.59000015258789;11670963
Inepar;Inepar - Administracao e Partic S/A;0;1;2285555;-349448;451017;-208001;1;643427;1642128;1612342;1022661;24378.431640625;NA;580231;1;NA;5;3.44000005722046;-968915
Terra Santa;Laplace Investimentos Gestao de Recursos Ltda.;0;1;2028726;997144;692912;-130744;1;361116;1667610;830929;200653;214072.296875;-2.28945207595825;722929;1;NA;5;11.9499998092651;-469813
Sansuy;Sansuy Adm Part e Repr e Serv Ltda;0;1;414171;-705623;262763;-97581;1;227002;187169;180408;930354;4147.56494140625;NA;64277;1;NA;5;NA;46594
Somos Educa;Tarpon Gestora de Recursos SA;0;1;3372042;818553;1086572;-93199;1;1457467;1914575;816485;1724554;2346031.25;NA;1236076;1;NA;5;8.97999954223633;640982
Somos Educa;Tarpon Gestora de Recursos SA;0;1;3372042;818553;1086572;-93199;1;1457467;1914575;816485;1724554;2346031.25;NA;1236076;1;NA;5;8.97999954223633;640982
Prumo;Eig LLX Holdings S.A R.L;0;1;8012995;3324786;99998;-79557;1;1012411;7000584;342113;4105519;2459146.75;0.615384638309479;3263501;1;NA;5;6.53999996185303;670298
Mills;Snow Petrel S.L.;0;1;1542365;1026400;321575;-60945;1;477772;1064593;197601;318364;636040.375;1.94444441795349;130284;1;NA;5;3.67000007629395;280171
Pq Hopi Hari;Hh Parques Tematicos S.A.;0;1;271203;-114985;63445;-60308;1;12275;258928;309347;76841;NA;NA;273375;1;NA;5;NA;-297072
Contax;Jereissati Telecom SA;0;1;2378777;28263;1513155;-51714;1;1038560;1340217;598267;1752246;29489.4765625;-3.54767179489136;1055793;1;NA;5;8.69999980926514;440293
Estrela;Carlos Antonio Tilkian;0;1;225781;-375244;97496;-45305;1;122097;103684;472570;128455;18214.8203125;NA;66328;1;NA;5;NA;-350473
Agpart;Andrade Gutierrez S.A.;0;1;3863908;1710361;70228;-44960;1;348759;3515149;473711;1073743;NA;NA;1112744;1;NA;5;NA;-124952
BR Brokers;Squadra Investimentos - Gestao de Recursos Ltda;0;1;459254;387185;85897;-37814;1;87527;371727;35204;23071;295785.59375;3.89610385894775;-28006;1;NA;5;1.60000002384186;52323
Biomm;Ibr L.P.;0;1;214984;78420;0;-34602;1;61270;153714;19877;116687;194210.09375;NA;77392;1;NA;5;NA;41393
Saraiva Livr;Jorge Eduardo Saraiva;0;1;1232742;518914;1250462;-27916;1;897378;335364;503316;210472;117159.203125;NA;308239;1;NA;5;NA;394062
Cabambiental;Galvao Participacoes S.A.;0;1;1639406;178598;383134;-25942;1;279973;1359433;672257;782295;NA;NA;1180118;1;NA;5;NA;-392284
Sauipe;Previ Cx Prev Funcs Bco Brasil;0;1;349704;272699;147334;-24188;1;24169;325535;50553;26452;NA;NA;9130;1;NA;5;NA;-26384
Lopes Brasil;Rosediamond Llp;0;1;323330;134346;111386;-23799;1;85822;237508;53927;150508;437828.125;0.791556715965271;-28748;1;NA;5;3.8199999332428;31895
Technos;Dynamo Administracao de Recursos Ltda;0;1;779630;442289;244258;-23716;1;439141;340489;131395;205946;311512.625;0.75;74667;1;NA;5;4.03000020980835;307746
Cyre Com-Ccp;Elie Horn;0;1;4720861;1173233;306966;-23701;1;462353;4258508;570943;2038310;1194160;0;2029737;1;NA;5;10;-108590
Habitasul;Companhia Comercial de Imoveis;0;1;1253597;456486;37216;-15882;1;78809;1174788;102186;694615;NA;NA;67440;1;NA;5;NA;-23377
Aliansce;Canada Pension Plan Investment Board;0;1;4364381;2139909;348802;-12275;1;711143;3653238;533031;1597139;2907040.75;-0.82701587677002;-369401;1;NA;5;14.3900003433228;178112
Hoteis Othon;Othon Administracao S/A;0;1;579516;-83027;111431;-9461;1;67495;512021;206703;466799;60627.6015625;NA;10860;1;NA;5;NA;-139208
Tectoy;Eagle Brazil Invest.L.P.;0;1;26514;-24515;4996;-8092;1;18261;8253;40113;10916;22970.970703125;-5;35047;1;NA;5;3.79999995231628;-21852
GPC Part;Sky Investments Ltda;0;1;730466;-28232;338802;-8011;1;322858;407608;447129;328992;188249.03125;NA;229284;1;NA;5;NA;-124271
SPturis;Pmsp Prefeitura Mun Sao Paulo;0;1;271483;103777;126816;-7605;1;31099;240384;59334;108372;NA;NA;-1408;1;NA;5;NA;-28235
Jereissati;Sociedade Fiduciaria Brasileira Servicos Negocios e Participacoes S.A.;0;1;5370241;1422112;484817;-5206;1;810548;4559693;419073;2201134;646413.75;NA;1819578;1;NA;5;NA;391475
Maestroloc;FMIEE Stratus Fleet (Classe B);0;1;116564;33545;46115;-3151;1;25555;91009;27178;55841;NA;NA;64343;1;NA;5;NA;-1623
Eletron;Opportunity Anafi Participacoes S.A.;0;1;29682;5392;0;-3092;1;14058;15624;367;23923;NA;NA;-13882;1;NA;5;NA;13691
Tecnosolo;Katia Mosso Ferreira;0;1;241162;14607;17106;-2901;1;39392;201770;115297;111258;10483.1298828125;6;48837;1;NA;5;1.5900000333786;-75905
Dtcom Direct;Ouro Verde Investimentos e Participacoes;0;1;19514;459;9194;-2179;1;7075;12439;7667;11388;27262.939453125;0;6408;1;NA;5;3.5;-592
Ideiasnet;Lmc Brazil, Llc - Citibank Dtvm SA;0;1;220096;-24264;144575;-1768;1;120240;99856;44416;206574;59492.16015625;-6.18556690216064;-6650;1;NA;5;3.64000010490417;75824
Cor Ribeiro;Correa Ribeiro Empreendimentos S/C;0;1;17069;4380;1436;-1690;1;13518;3551;323;12366;NA;NA;-5845;1;NA;5;NA;13195
Duratex;Itausa Invest Itau S.A.;0;1;9246388;4569494;2881095;-1496;1;3062571;6183817;1822631;2852928;4866451;2.61627912521362;2127495;1;NA;5;7.05999994277954;1239940
Sondotecnica;Jaime Rotstein;0;1;84316;60187;69277;-1472;1;58083;26233;21773;2331;50564.80078125;NA;-27080;1;NA;5;NA;36310
Alliar;Sergio Tufik;0;1;1934175;880692;692494;-1279;1;347318;1586857;396802;616799;1950981;-1.22164046764374;505725;1;NA;5;16.9799995422363;-49484
Ret Part;Citigroup Venture Capital International Brazil (Delaware) Llc;0;1;899;715;0;-837;1;128;771;121;63;NA;NA;-100;1;NA;5;NA;7
Belapart;Veronica Valente Dantas;0;1;30071;2092;0;-779;1;14515;15556;66;23923;NA;NA;-14162;1;NA;5;NA;14449
Maori;Haka FIP;0;1;1977;-10436;0;-565;1;9;1968;883;11530;NA;NA;-2;1;NA;5;NA;-874
Dommo Empr;Telemar Norte Leste S/A;0;1;24.19700050354;-14.6979999542236;0;-203.936996459961;1;16.9479999542236;7.24900007247925;38.8950004577637;0;NA;NA;-16.9479999542236;1;NA;5;NA;-21.94700050354
Longdis;Selectpart Participacoes S.A.;0;1;89.1080017089844;2.15499997138977;0;-178.524002075195;1;89.1080017089844;0;86.9530029296875;0;NA;NA;-69.8509979248047;1;NA;5;NA;2.15499997138977
Cemepe;Cemisa Participacoes Ltda.;0;1;773;-5045;0;-148;1;0;773;12;5806;3791.94653320312;NA;0;1;NA;5;NA;-12
Unicasa;Alexandre Grendene Bartelle;0;1;264968;198350;138793;-143;1;111343;153625;59520;7098;151998.59375;-0.862068951129913;-37730;1;NA;5;2.29999995231628;51823
Cims;Pcp Latin America Power S/A;0;1;202.92399597168;193.811004638672;0;-113.593002319336;1;195.897003173828;7.02699995040894;0.349999994039536;8.76299953460693;NA;NA;-195.115997314453;1;NA;5;NA;195.546997070312
Prompt;Opportunity Holding FIP;0;1;60.0890007019043;59.9080009460449;0;-84.8249969482422;1;60.0890007019043;0;0.180999994277954;0;NA;NA;-54.8520011901855;1;NA;5;NA;59.9080009460449
Grucai;GP Holdings, I Llc;0;1;81;66;0;-83;1;77;4;15;0;NA;NA;-73;1;NA;5;NA;62
Cabinda Part;GP Holdings, I Llc;0;1;86;72;0;-78;1;86;0;14;0;NA;NA;-85;1;NA;5;NA;72
Caconde Part;GP Holdings, I Llc;0;1;76;61;0;-78;1;76;0;15;0;NA;NA;-76;1;NA;5;NA;61
Caianda Part;GP Holdings, I Llc;0;1;75;61;0;-78;1;75;0;14;0;NA;NA;-75;1;NA;5;NA;61
Itaitinga;GP Holdings, I Llc;0;1;80;66;0;-78;1;80;0;14;0;NA;NA;-79;1;NA;5;NA;66
Sudeste;Opportunity Holding FIP;0;1;41.757999420166;41.5900001525879;0;-77.4440002441406;1;41.757999420166;0;0.167999997735023;0;NA;NA;-39.0839996337891;1;NA;5;NA;41.5900001525879
Alef S/A;Opportunity Holding FIP;0;1;39.5880012512207;39.4160003662109;0;-75.9029998779297;1;39.5880012512207;0;0.172000005841255;0;NA;NA;-36.8680000305176;1;NA;5;NA;39.4160003662109
Futuretel;Citigroup Venture Capital International Brazil (Delaware) Llc;0;1;8092;8081;0;264;0;3934;4158;11;0;NA;NA;-60;1;NA;5;NA;3923
Gama Part;International Markets Investments C;0;1;3600;3285;0;514;0;3535;65;315;0;NA;NA;-3293;1;NA;5;NA;3220
Polpar;Fanny Feffer;0;1;14386;12044;0;615;0;1265;13121;41;2301;NA;NA;-1211;1;NA;5;NA;1224
Pratica;Brava Participacoes Ltda.;0;1;93448;43210;53046;688;0;45308;48140;31803;18435;NA;NA;18453;1;NA;5;NA;13505
Bahema;Funcef-Fundacao Economiarios Federais;0;1;35958;32575;0;2062;0;34133;1825;1988;1395;16611.041015625;NA;-30038;1;NA;5;NA;32145
Cinesystem;Agroup Participacoes S.A.;0;1;101891;31899;74804;3057;0;11433;90458;16097;53892;NA;NA;19374;1;NA;5;NA;-4664
Baumer;Condustil Part SA;0;1;165425;91152;85414;4209;0;104482;60943;40454;24911;88200;NA;14148;1;NA;5;NA;64028
Cremer;Tambaqui FIP;0;1;627531;150244;566574;4431;0;313194;314337;226645;250642;294420.09375;10.3644647598267;259063;1;NA;5;9.6899995803833;86549
Trevisa;Glarus S/A;0;1;183600;100761;69760;8112;0;10350;173250;16297;66542;NA;NA;51838;1;NA;5;NA;-5947
Invest Bemge;Banco Itauleasing S.A.;0;1;198459;193774;0;11733;0;119241;79218;1497;3188;NA;NA;-118388;1;NA;5;NA;117744
Time For Fun;Fernando Luiz Alterio;0;1;541649;284680;658009;18784;0;282431;259218;197222;56128;361130.34375;2.88461542129517;-73150;1;NA;5;5.34999990463257;85209
Locamerica;Luis Fernando Memoria Porto;0;1;1310481;318906;565853;21110;0;410549;899932;235674;755901;356619.3125;0.900900900363922;622385;1;NA;5;5.59999990463257;174875
Eucatex;Latinvest Fund;0;1;2029478;1196171;859949;22457;0;480265;1549213;536469;296800;257980.796875;NA;312348;1;NA;5;NA;-56204
Csu Cardsyst;Greeneville Delaware Llc;0;1;341194;195202;354011;23904;0;105348;235846;94086;51906;183221.046875;2.06896543502808;27740;1;NA;5;4.44000005722046;11262
Casan;Estado de Santa Catarina;1;1;2790766;1350540;672519;24187;0;313458;2477308;220820;1219406;NA;NA;796131;1;NA;5;NA;92638
Par Al Bahia;Adrecor Adm. Repres. Corr. Ltda;0;1;603394;481054;230545;29691;0;299477;303917;62384;59666;389363.4375;NA;-211075;1;NA;5;NA;237093
Alfa Holding;Administradora Fortaleza Ltda;0;1;881173;877228;162;37785;0;5009;876164;3651;294;253210.65625;NA;-1733;1;NA;5;NA;1358
Sierrabrasil;Sierra Brazil 1 B.V.;0;1;4847524;2454015;249228;38861;0;288848;4558676;178771;1286416;1387092.5;0.276243090629578;582878;1;NA;5;18.1499996185303;110077
Opport Energ;Nhdp FI Mult;0;1;204219;-9375;0;39854;0;566;203653;4;213590;NA;NA;198604;1;NA;5;NA;562
Alfa Consorc;Administradora Fortaleza Ltda;0;1;3253621;1034735;23953;45770;0;1865453;1388168;1240088;483959;240545.578125;NA;-1476947;1;NA;5;NA;625365
Anima;Daniel Faccini Castanho;0;1;1423620;676571;701965;57282;0;476647;946973;252658;494391;1040532.75;-3.70370364189148;163505;1;NA;5;13;223989
Valid;Aberdeen Global - Emsc Fund - Citibank Dtvm SA;0;1;2161365;994813;1306851;60355;0;994951;1166414;578924;576477;1645459.25;2.2919180393219;424205;1;NA;5;25.4400005340576;416027
Sao Carlos;Cia Global de Imoveis, Llc - Credit Suisse (Brasil) S/A Ctvm;0;1;3077971;1333952;373495;69916;0;377664;2700307;176766;1564269;1639974.375;-0.239316239953041;1386360;1;NA;5;29.1800003051758;200898
Dasa;Cromossomo Participacoes II S.A.;0;1;4860026;2875820;2281056;85814;0;1500131;3359895;692100;1291177;5782540.5;NA;590985;1;NA;5;NA;808031
BR Propert;GP Real Properties II C, Llc;0;1;8567373;4801810;359032;95161;0;1366606;7200767;724604;3040959;2269515;-0.911458313465118;1908001;1;NA;5;7.6100001335144;642002
Iguatemi;Jereissati Participacoes S/A;0;1;5195822;2726263;484395;112685;0;707845;4487977;391391;2071732;4801571;0.147329643368721;1777873;1;NA;5;27.1900005340576;316454
Mont Aranha;Celi Elisabete Julia Monteiro de Carvalho;0;1;1534005;1281303;2886;140504;0;415468;1118537;126487;126085;NA;NA;-359482;1;NA;5;NA;288981
Fleury;Bradseg Participacoes Ltda.;0;1;3365143;1769125;1572914;153873;0;1343162;2021981;429411;1166607;6100129.5;-1.56368219852448;152225;1;NA;5;39.0299987792969;913751
Odontoprev;Bradesco Saude S/A;0;1;1320006;666230;1013082;156916;0;558338;761668;313327;336242;5945034;1.35746610164642;-403434;1;NA;5;11.1999998092651;245011
Generalshopp;Golf Participacoes Ltda;0;1;3198499;964381;192809;174535;0;184437;3014062;298294;1935824;335920;1.84331798553467;1130098;1;NA;5;4.42000007629395;-113857
Ser Educa;Jose Janguie Bezerra Diniz;0;1;2023206;952479;847980;198293;0;720334;1302872;340368;730359;2747634.75;-2.134281873703;-8865;1;NA;5;22.0100002288818;379966
Multiplan;1700480 Ontario Inc.;0;1;7452967;4362511;804260;226781;0;1068436;6384531;469607;2614537;10768159;-2.21041798591614;1852658;1;NA;5;57.0699996948242;598829
Estacio Part;Oppenheimer Funds Inc.;0;1;4279627;2819807;2387638;243804;0;1697340;2582287;701291;758529;5242766;3.65853667259216;235748;1;NA;5;17;996049
Copasa;Estado de Minas Gerais;1;1;10977318;5865432;3029049;302409;0;1701561;9275757;1070867;4041019;4259478;1.65912520885468;2827809;1;NA;5;33.7000007629395;630694
Localiza;Lazard Asset Management Llc;0;1;6562910;2146151;3133274;304918;0;1790339;4772571;1698828;2717931;7629076.5;4.86687660217285;1887815;1;NA;5;36.6300010681152;91511
BR Malls Par;Wellington;0;1;20283960;9525495;923615;318946;0;867692;19416268;560719;9437625;6457764;-0.559701502323151;4486758;1;NA;5;10.6599998474121;306973
Qualicorp;L2 Participacoes FIP;0;1;3680114;2229246;1448949;330715;0;976574;2703540;1127103;319066;5075311;1.54355013370514;890;1;NA;5;18.4200000762939;-150529
Smiles;Gol Linhas Aereas Inteligentes S.A.;0;1;1878484;593409;1098687;386662;0;1174667;703817;1041934;243141;5955816.5;2.75111961364746;-388489;1;NA;5;48.1800003051758;132733
Multiplus;Tam S/A;0;1;1914312;266796;1651858;397582;0;1811359;102953;1646382;1134;5844143.5;6.15067672729492;-1255828;1;NA;5;36.0699996948242;164977
Sanepar;Estado do Parana;1;1;8974110;4394681;2550911;467920;0;1005806;7968304;963439;3615990;4380139.5;NA;2304042;1;NA;5;NA;42367
Bradespar;Cidade de Deus Cia Cial de Participacoes;0;1;10106421;8003538;0;576197;0;398536;9707885;38687;2064196;4982728.5;4.73421907424927;1098332;1;NA;5;12.6099996566772;359849
Suzano Hold;David Feffer;0;1;29916064;3771750;7384837;699483;0;8264262;21651800;3156682;15691734;NA;NA;9966302;1;NA;5;NA;5107580
Kroton;Gic Private Limited;0;1;16905214;13157159;3365864;993823;0;2115282;14789932;1123030;2625025;24651952;5.55555534362793;-512775;1;NA;5;15.1999998092651;992252
Hypermarcas;Igarapava Participacoes S.A.;0;1;12454191;9033275;2445408;1387041;0;6676828;5777363;1633508;1787408;16424162;3.04347825050354;156279;1;NA;5;26.0699996948242;5043320
Sabesp;Governo do Estado de Sao Paulo;1;1;35290512;15524287;10212238;2000207;0;3218731;32071780;3887333;15878892;20525802;1.69319331645966;10573491;1;NA;5;30.0300006866455;-668602
Itausa;Alfredo Egydio Arruda Villela Filho;0;1;57890000;47933000;3472000;6313000;0;5583000;52307000;3353000;3643000;64903584;0.584795296192169;1025000;1;NA;5;8.60000038146973;2230000
Petrobras;Uniao Federal (Tesouro Nacional);1;1;803206016;259535008;212100000;-17334000;1;144752992;658452992;82830000;458360000;220897552;2.49130940437317;325563008;1;NA;6;17.6900005340576;61923000
Nova Oleo;The Bank Of New York - Adr;0;1;2278164;-470358;146079;-231920;1;95084;2183080;2243107;505415;350505.875;9.58333301544189;1276004;1;NA;6;2.63000011444092;-2148023
Pet Manguinh;Manguinhos Participacoes SA;0;1;437671;-1790639;344792;-217882;1;242368;195303;1199503;1030039;476502.40625;-4.99325227737427;46557;1;NA;6;7.03999996185303;-957135
OGX Petroleo;Centennial Ass Mining Fundo Llc;0;1;11605;-299076;0;-55175;1;925;10680;80196;230485;167625.671875;0.77821010351181;-125;1;NA;6;5.17999982833862;-79271
Petrorio;Aventti Strategic Partners Llp - Socopa Soc Corr Paulista SA;0;1;1087135;847552;284132;-44938;1;784300;302835;58346;181237;222791.71875;0;-495429;1;NA;6;16.8899993896484;725954
Qgep Part;Queiroz Galvao SA;0;1;3405547;2726991;372579;101705;0;1308216;2097331;163426;515130;1199013.125;-5.10204076766968;-691077;1;NA;6;4.65000009536743;1144790
Ceg;Gas Natural Distribucion Latinoamerica S/A;0;1;2728868;1257488;2284060;191969;0;517153;2211715;747237;724143;6231312;NA;853789;1;NA;6;NA;-230084
Comgas;Cosan S/A Industria e Comercio;0;1;8168578;2748788;4333163;767386;0;2505217;5663361;2029599;3390191;5531008;0.0704887211322784;1874503;1;NA;6;42.5900001525879;475618
Brq;Netstrategy Participacoes Ltda.;0;1;160422;72034;267029;-4386;1;124573;35849;71923;16155;NA;NA;-23090;1;NA;7;NA;52650
Quality Soft;Fundo Capital Tech II;0;1;52529.765625;26393.4765625;47668.36328125;1631.10900878906;0;24618.404296875;27911.361328125;22554.822265625;3581.46801757812;NA;NA;-2380.56909179688;1;NA;7;NA;2063.5830078125
Senior Sol;Fundos Geridos Pela Hix Investimentos;0;1;106065;70236;60353;7108;0;73418;32647;31598;4231;141590.21875;-2.84178185462952;-42625;1;NA;7;12.6499996185303;41820
Linx;Genesis Asset Managers;0;1;1466233;1149721;363804;50524;0;843301;622932;123184;193328;2917562.5;-0.394811064004898;-552474;1;NA;7;17.6599998474121;720117
Totvs;Lc Eh Part. e Empreendimentos S/A;0;1;2437366;1230340;1633831;125994;0;974591;1462775;600980;606459;3833706;0.643224716186523;437341;1;NA;7;23.4699993133545;373611
Cielo;BB Banco de Investimento S/A;0;1;28953480;8721220;9180290;2993892;0;12210799;16742681;6906662;9692827;67657056;4.16666650772095;8655152;1;NA;7;30;5304137
Oi;Bratel BV;0;1;80311224;9506935;19673622;-3212094;1;28037964;52273260;61095548;8800649;1813910.125;10.2362203598022;41160832;1;NA;7;2.79999995231628;-33057586
Telebras;Uniao Federal (Tesouro Nacional);1;1;2756758;-450158;39076;-221161;1;259481;2497277;104252;3102664;406936.40625;NA;171408;1;NA;7;NA;155229
La Fonte Tel;Jereissati Participacoes S/A;0;1;127341;88638;0;-50547;1;50328;77013;7327;31376;75612;0;-45972;1;NA;7;1.20000004768372;43001
Telinvest;Citigroup Venture Capital International Brazil (Delaware) Llc;0;1;743;159;0;-698;1;344;399;337;52;NA;NA;-279;1;NA;7;NA;7
Capitalpart;Telinvest S/A;0;1;260.799987792969;-217.110000610352;0;-92.8860015869141;1;260.799987792969;0;264.269012451172;0;NA;NA;-220.320007324219;1;NA;7;NA;-3.46900010108948
Zain Part;Sul 116 Participacoes SA;0;1;3941;3931;0;-68;1;3941;0;10;0;NA;NA;-494;1;NA;7;NA;3931
Atompar;Whph Participacoes e Empreendimentos S.A.;0;1;587;-8052;0;-67;1;577;10;44;8595;51827.0390625;3.76569032669067;0;1;NA;7;2.48000001907349;533
Selectpart;Capitalpart Participacoes S/A;0;1;146.126998901367;-118.986999511719;0;-18.4050006866455;1;146.126998901367;0;149.399993896484;0;NA;NA;-119.698997497559;1;NA;7;NA;-3.27300000190735
Sul 116 Part;Citigroup Venture Capital International Brazil (Delaware) Llc;0;1;11814;11759;0;225;0;6182;5632;55;0;NA;NA;-5625;1;NA;7;NA;6127
Newtel Part;Futuretel S.A.;0;1;10056;9791;0;653;0;9805;251;14;251;NA;NA;-2507;1;NA;7;NA;9791
Tim Part S/A;Tim Brasil Servicos e Participacoes S.A.;0;1;32837420;16967778;11573771;386433;0;9206632;23630788;6248952;9620689;20160570;-0.596658706665039;1893714;1;NA;7;8.32999992370605;2957680
Telef Brasil;Telefonica S.A;0;1;101708360;68663712;31634810;2870416;0;18434576;83273784;20417052;12627598;69409000;-0.139860138297081;3049633;1;NA;7;35.7000007629395;-1982475
Renova;Cemig Geracao e Transmissao S.A;0;1;5948747;2330193;352410;-676877;1;144539;5804208;1595514;2023040;1130554.625;NA;2722853;1;NA;8;NA;-1450975
Ceee-D;Cia Est de En Eletrica Part.;0;1;3175320;-720443;2406992;-236847;1;672406;2502914;1509000;2386763;285582;NA;444078;1;NA;8;NA;-836594
Eneva;Banco BTG Pactual;0;1;8489602;3384797;1489894;-202916;1;1032644;7456958;1538334;3578609;3134976;-5.41125535964966;3925133;1;NA;8;13.1099996566772;-505690
Ampla Energ;Endesa Brasil S.A;0;1;7911383;2298257;3115550;-199067;1;1836035;6075348;1928666;3684460;2990921.5;NA;2917222;1;NA;8;NA;-92631
CPFL Renovav;CPFL Geracao de Energia S/A;0;1;12107561;4052784;1144731;-123705;1;969733;11137828;1268802;6668085;5597266;0.999091744422913;5695248;1;NA;8;11.1199998855591;-299069
Light S/A;Cemig - Cia Energetica de MG;0;1;14694388;3548370;7110097;-119039;1;3688352;11006036;5193061;5952957;3054932.25;0.536912739276886;5834410;1;NA;8;14.9799995422363;-1504709
AES Elpa;Brasiliana Participacoes S.A.;0;1;13610054;1206815;8599814;-34274;1;4110848;9499206;3654237;7268742;1044720.375;-0.0909090936183929;2348761;1;NA;8;10.9899997711182;456611
Celpe;Neoenergia S/A;0;1;5079217;1603960;3377325;-31740;1;1181836;3897381;1625400;1849857;1477317.625;NA;1990909;1;NA;8;NA;-443564
Celesc;Sec de Est da Faz de Santa Catarina;1;1;8757952;2189230;4414271;-29291;1;3947625;4810327;4104119;2464603;558122.375;NA;-138489;1;NA;8;NA;-156494
524 Particip;Opportunity Holding FIP;0;1;171;171;0;-78;1;171;0;0;0;NA;NA;-120;1;NA;8;NA;171
Eletropaulo;AES Elpa;0;1;13045707;2134795;8599814;1511;0;4095028;8950679;3666414;7244498;2136887.25;NA;2363039;1;NA;8;19;428614
Uptick;Ennesa FIA;0;1;81179;80629;0;6825;0;11339;69840;538;12;NA;NA;-11339;1;NA;8;NA;10801
Afluente;Neoenergia S/A;0;1;49696;44893;26372;7794;0;11331;38365;3605;1198;70751.921875;7.42857122421265;-8509;1;NA;8;3.75999999046326;7726
Statkraft;Statkraft Investimentos Ltda;0;1;1522436;788574;224803;12249;0;221235;1301201;152054;581801;NA;NA;356679;1;NA;8;NA;69181
Afluente T;Neoenergia S/A;0;1;83438;74743;21551;12827;0;66598;16840;5217;3478;177899.703125;NA;-30344;1;NA;8;2.8199999332428;61381
Bonaire Part;Energia Sao Paulo FIA;0;1;89036;77742;0;16459;0;2924;86112;4356;6938;NA;NA;-2919;1;NA;8;NA;-1432
Ceb;Sec de Est de Faz do Distrito Federal;1;1;3189909;578808;1530743;20024;0;1513592;1676317;1364731;1020596;433822.6875;NA;343489;1;NA;8;NA;148861
Eletropar;Eletrobras - Centrais Eletricas Brasileiras S.A.;0;1;219480;194438;0;33754;0;61138;158342;5017;20025;NA;NA;-53465;1;NA;8;NA;56121
Emae;Eletrobras - Centrais Eletricas Brasileiras S.A.;0;1;1133543;806875;159903;46168;0;171973;961570;50052;276616;304443.28125;NA;46091;1;NA;8;NA;121921
Rede Energia;Empresa de Eletric. Vale Paranapanema SA;0;1;13408068;2472879;5531734;59096;0;3547863;9860205;3001131;6888223;3429791;0;2913223;1;NA;8;2;546732
Energisa Mt;Rede Energia S.A.;0;1;5049136;1445029;2361471;95403;0;1318071;3731065;1169488;2434619;2043942.25;NA;1456491;1;NA;8;NA;148583
Cosern;Neoenergia S/A;0;1;2227032;816486;1273257;116874;0;622262;1604770;574068;836478;2346796;NA;737639;1;NA;8;14;48194
Energisa;Gipar S/A;0;1;20124004;3675266;8446255;123084;0;6963878;13160127;5060874;10248900;7060391;NA;4980293;1;NA;8;NA;1903004
Elektro;Iberdrola Brasil S.A.;0;1;6538505;1950113;3449131;163312;0;2476524;4061981;1990227;2598165;4165824.25;NA;1737290;1;NA;8;NA;486297
Alupar;Guarupart Participacoes Ltda.;0;1;10377808;2938261;1190592;171722;0;2716624;7661184;1693759;4105658;4776371;NA;3833251;1;NA;8;7;1022865
Coelba;Neoenergia S/A;0;1;9304020;3151003;5098783;198224;0;1704217;7599803;2120611;4032406;NA;NA;4023420;1;NA;8;NA;-416394
Celpa;Equatorial Energia S/A;0;1;6927630;2073172;3128991;233101;0;2354414;4573216;1954866;2899592;4748989;NA;884745;1;NA;8;NA;399548
Ger Paranap;Duke Energy Int. Brasil Ltda;0;1;4363111;2063170;1003389;237488;0;972268;3390843;983278;1316663;3833979.75;NA;692208;1;NA;8;NA;-11010
Celgpar;Estado de Goias;1;1;992377;-3095055;395672;250845;0;175092;817285;390676;3696756;255637.203125;NA;-45921;1;NA;8;NA;-215584
AES Tiete E;Bndespar - BNDES Participacoes SA;0;1;4120948;1657571;1197637;275416;0;742820;3378128;879807;1583570;6413181.5;5.42857122421265;972283;1;NA;8;3.69000005722046;-136987
Coelce;Endesa Brasil S.A;0;1;4948775;2266908;2895212;277961;0;1763984;3184791;1401750;1280117;3350389.25;NA;908901;1;NA;8;NA;362234
Cesp;Governo do Estado de Sao Paulo;1;1;11607407;7402901;1323175;279533;0;950456;10656951;673056;3531450;4477239;0.793021440505981;-4902;1;NA;8;12.710000038147;277400
Cemar;Equatorial Energia S/A;0;1;5299449;2165778;2211257;313349;0;2072693;3226756;987811;2145860;3513535.5;NA;957740;1;NA;8;NA;1084882
Neoenergia;Iberdrola Energia S.A.;0;1;25589652;8920104;10793640;316217;0;4559495;21030158;6244404;9906536;NA;NA;9686274;1;NA;8;NA;-1684909
Equatorial;Squadra Investimentos - Gestao de Recursos Ltda;0;1;12855593;3995611;5488121;506310;0;4819523;8036070;2813818;5209385;10470223;-1.29237687587738;1513731;1;NA;8;52.7000007629395;2005705
Energias BR;Energias de Portugal Investments And Services Sociedad Ltda;0;1;19735188;7911511;6633639;630705;0;5285774;14449415;3823979;6347168;8606521;-0.350877195596695;3396938;1;NA;8;14.1999998092651;1461795
Cemig;Estado de Minas Gerais;1;1;43187544;14251640;14100100;640563;0;8624362;34563184;11789063;17142592;10410633;0.59171599149704;13664990;1;NA;8;8.5;-3164701
Taesa;Cemig - Cia Energetica de MG;0;1;8779386;4312764;1092941;678448;0;2177932;6601454;552915;3913707;6497251;NA;3414276;1;NA;8;NA;1625017
Ceee-Gt;Cia Est de En Eletrica Part.;0;1;4008664;2249484;1424792;745075;0;403844;3604820;383249;1369325;571821.25;NA;129489;1;NA;8;NA;20595
CPFL Energia;Esc Energia S.A.;0;1;37552700;8034533;13402846;762725;0;10364766;27187936;7157696;19941336;24725150;0.371900826692581;14011103;1;NA;8;24.2900009155273;3207070
Copel;Estado do Parana;1;1;30497584;15284598;9675390;1039349;0;4881893;25615690;4632126;10256259;6733534;0.534239947795868;7004768;1;NA;8;20.7000007629395;249767
Engie Brasil;Gdf Suez Energy Latin America Part. Ltda;0;1;15621291;6584187;4776162;1072004;0;4530898;11090393;2856943;6177158;23289842;-0.0560224093496799;1125173;1;NA;8;35.6800003051758;1673955
Tran Paulist;Isa Capital do Brasil S.A;0;1;15010254;10054014;7291409;4730436;0;1450286;13559968;489657;4309066;10061673;NA;654540;1;NA;8;NA;960629
Eletrobras;Uniao Federal (Tesouro Nacional);1;1;175123264;51803976;48454604;9686684;0;26696588;148426672;31379606;92424832;33151264;1.48619961738586;37674176;1;NA;8;23.8999996185303;-4683018